[{"@type":"mappingTemplate","id":"@1","name":"Loading_Invoice","description":"","bundleVersion":"0","templateId":"@3","hasParameters":false,"valid":true,"fixedConnection":true,"hasParametersDeployed":false,"fixedConnectionDeployed":false,"tasks":1,"mappingPreviewFileRecordId":"@2","documentType":"MAPPING","references":[{"@type":"reference","refObjectId":"@5V2iga15jasfMlRqeShSeG","refType":"connection"},{"@type":"reference","refObjectId":"@7elwaD9YDmAcHSMFNH9dmq","refType":"structureDefinition"},{"@type":"reference","refObjectId":"@14FxL7gP0xbb4ymAYPp90Q","refType":"connection"},{"@type":"reference","refObjectId":"@hTTE3whQSAdeQ7ijbouQ8e","refType":"mappletTemplate"},{"@type":"reference","refObjectId":"@9pV0IY4PjWhkno7saxvj8u","refType":"mappletTemplate"}]}]